{"cameraMode":{"drawMode":0,"name":"Shaded","section":"Shading Mode"},"sceneLighting":false,"audioPlay":false,"sceneViewState":{"showFog":true,"showMaterialUpdate":false,"showSkybox":false,"showFlares":true,"showImageEffects":true,"showParticleSystems":true},"in2DMode":false,"pivot":{"x":4.489999771118164,"y":0.25999999046325686,"z":4.854000091552734},"rotation":{"x":0.13160759210586549,"y":0.011895316652953625,"z":-0.0015793681377545,"w":0.9912291169166565},"size":0.3584654629230499,"orthographic":false}