{"cameraMode":{"drawMode":0,"name":"Shaded","section":"Shading Mode"},"sceneLighting":true,"audioPlay":false,"sceneViewState":{"showFog":true,"showMaterialUpdate":false,"showSkybox":true,"showFlares":true,"showImageEffects":true,"showParticleSystems":true},"in2DMode":false,"pivot":{"x":0.8989286422729492,"y":2.485055446624756,"z":1.1268190145492554},"rotation":{"x":0.13160759210586549,"y":0.011895316652953625,"z":-0.0015793681377545,"w":0.9912291169166565},"size":2.877553939819336,"orthographic":false}